Sentence,Metaphor
"But through the intervention of a classically trained but alternative-seeking American psychiatrist, nearly 10,000 people there have been taught techniques to reduce anger, ease family tensions and give them a sense of control in an environment known for helplessness",NONE
"Stamane, specie al porto, dovunque le operazioni furono arrestate. L'ostruzionismo acquistò carattere-di vera, gravità quando fu applicato all'arrivo del piroscafo Hamburg dell'America, carico di 1200 emigranti, i quali non potettero ancora uscire dalla sala di visita.",MIGRA
"l'installarsi di decine di criminali immigrati nelle soffitte del suo condominio, e la completa sordità delle istituzioni cittadine.",MIGRA
"Officials say more than 600 Arab and Muslim illegal immigrants were deported during the first wave of expulsions after Sept. 11. But the Justice Department stopped releasing figures after the number of arrested immigrants surged to 1,200, and officials have declined to give complete statistics for that period. Another wave of deportations began last year after officials said they planned to find and arrest illegal immigrants who pose security threats and already have deportation orders.",MIGRA
New York -alienists asked the Washington authorities for stricter regulations to keep out insane immigrants,MIGRA
"Some persons believe that the ebb and flow of immigrants during periods of prosperity and hard times is good for the country— that it is a safety valve through which dangerous and explosive elements escape, to the peace of society and the welfare of the state",MIGRA
". Mentre gli immigrati delinquenti meritano di essere trattati come gli italiani delinquenti. Anche perché tutti sanno che spesso fra l'una e l'altra delinquenza c'è uno stretto intreccio, quindi 190 una collaborazione sempre più stretta tra le nostre forze di sicurezza e quelle dei nuovi partner europei è altrettanto necessaria.",MIGRA
"Archbishop Ireland, of st. Paul, one of the leading spirits in the federation, has told to a close friends that while he favours a discrete sifting of the Immigrants flocking into the country, he will not favour a radical change In the law. His public utterances have led other leaders in the federation to believe that he might favour preventing immigrants without prospects tarrying in large centres like New York, Chicago, San Francisco",MIGRA
"General Charles H. T. Taylor, in comparing New York and Chicago, said: ""New York has a large population and a commanding position, but it is engaged in digesting Immigrants from all climes and the newly rich from other sections of the country.",MIGRA
"Nella nostra comunità abbiamo 105.000, non pochi, 105.000 casi positivi accertati. Senza considerare anche i casi di contagiati asintomatici non accertati che secondo ragionevoli proiezioni statistiche sarebbero anche molti di più.",NONE
"Gli americani possono permettersi di fare la voce grossa, rischiano ben poco sia in termini di invasione di immigrati sia in termini di rischio di trovarsi con i rubinetti chiusi",MIGRA
"Of that group, more than 3,000 people have been arrested. Officials say they cannot say how many of those Arab and Muslim men have been deported.",NONE
"Dice il sindaco De Rubeis: ""Decidano cosa farne. Noi non vorremmo che riaprisse, ma questo è possibile solo se si riesce a bloccare il flusso di migranti all'origine: perché se invece li fanno arrivare fin qui, certo non possiamo ritrovarci come nel 2011 con migliaia di tunisini e libici liberi e in giro per le nostre strade"".",MIGRA
They were overworked then. The following day about five thousand aliens were in port,NONE
"Popularity has been a double-edged sword in Flushing, Queens, one of the city's most diverse neighbourhoods. Business owners welcome the droves of people who descend on its downtown sidewalks in search of scarves, massages and melons, as well as ginseng that can run a few hundred dollars an ounce",NONE
"Considerato che, commettendo il lavoro a case estere, oltre a recare danno non lieve all'industria italiana, si fanno risentire gravissime conseguenze alla ricchezza nazionale, e soprattutto alla classe lavoratrice, che, specialmente nel nostro Paese, attraverso, una crisi continua di lavoro, tanto e vero che precisamente l'Italia è la nazione che dà il maggior contingente di emigranti, che di anno in anno va aumentando, cercando in terre straniere quel lavoro e quel pane che la patria nega loro",MIGRA
"This year's crop of North American immigrants comes from 33 states and 4 Canadian provinces, and 98 percent of the families have at least one member with an undergraduate or postgraduate degree.",MIGRA
Ma forse la vera novità è quella dell'apertura di sedi distaccate del Collocamento presso le ambasciate italiane all'estero per gestire la massa indistinta di immigrati in cerca di lavoro. ,MIGRA
Informativa mi consente di offrire al parlamento un quadro compiuto delle più recenti iniziative che il governo ha adottato sul piano interno e anche un aggiornamento sulle iniziative che a livello europeo sono in programma per fronteggiare l'emergenza epidemiologica da covid-19 questo passaggio viene compiuto nella chiara consapevolezza.,COVID
"Advocates see it as a tool for law enforcement to weed out illegal immigrants, while five lawsuits filed against it call it an infringement on federal authority and suggest that Latino citizens and legal residents will be swept up for questioning",MIGRA
One senior law enforcement official said the government had not known much about Al Qaeda until after the East Africa Embassy bombings in 1998.,NONE
"Da febbraio ad ora siamo stati messi in guardia varie volte dal rischio di invasioni di milioni di immigrati. A Lampedusa ne sono arrivati cinquantacinquemila, certamente non pochi. (",MIGRA
"After a few years, local leaders fume that school enrollment has surged, social services are stretched and crime has increased, and they blame the illegal immigrants.",MIGRA
"Even those who 
are not being used for extortion are held captive to avoid detection by neighbours and to prevent the loss of money that 
would result if they escaped before all the fees were paid",NONE
"I fattori essenziali del loro successo non fermentarono nel loro cervello, ma operarono al di fuori di loro, e loro investirono nelle correnti dei nuovi immigrati che domandavano comunicazioni, acciaio e vettovaglie e ceravano lavoro.",MIGRA
"If it be true that this supply of immigrants is glutting the channels of demand for their services, then the effect works a decisive bane to the whole people of this country",MIGRA
"Through Inefficient or dishonest medical supervision or through the criminal connivance of steamship officials, contagious immigrants were passed in, as sound, and thus loathsome maladies hitherto unknown here were introduced into this country",MIGRA
"L'emergenza, dunque, valica il Mediterraneo e si estende all'Atlantico, ridicolizzando la proposta di soluzione avanzata ieri da alcuni dei leader della Lega: prendere a cannonate le piccole imbarcazioni dell'inesauribile esercito di potenziali immigrati clandestini.",MIGRA
Pensate un po' chi se lo immaginava. è una prova durissima che proviene da fattori esogeni per i quali quindi non ci possiamo imputare nulla. ,NONE
"Dobbiamo approfittare per svolgere questa emergenza, questo shock, di origine esogena, una opportunità di rilancio dell'intero sistema socio-economico lungo un sentiero di crescita equa e sostenibile queste settimane di lotta e di battaglia contro la diffusione coronavirus.",COVID
"Earlier this week, he announced his intention to convene a special grand jury to investigate a similarly fraught issue involving human rights, life and property: the blight of overcrowded housing of the largely illegal migrant work force that performs the county's most menial chores at menial rates.",MIGRA
"Però da qualche tempo l'immigrazione italiana nella Repubblica Argentina segna una specie di stasi. Le cattive condizioni finanziarie del paese possono forse spiegare il fenomeno, ma sarebbe duro assai per l'avvenire d'Italia se quella corrente immigratoria che si è ora stabilita da tanti anni avesse a perdere della sua forza, se avesse a cessare quel flusso di emigranti italiani in Argentina che veniva di continuo a portare nuovo sangue nell'elemento italiano o ad aumentarne la forza economica",MIGRA
"prima inglesi e tedeschi, poi russi, ungheresi, italiani, scandinavi. Tutti costoro, e specialmente il secondo gruppo di emigranti, uscivano dai bassifondi delle Società che abbandonavano, ed arrivando nel nuovo paese, si trovavano in condizioni di grande inferiorità materiale e morale di fronte ai vecchi cittadini americani, padroni del «luogo ed educati ad un regime di libertà e di eguaglianza.",NONE
"Si può arrivare a Pozzallo, a Linosa o a Bari: dipende dal punto di partenza e dagli itinerari collaudati nel corso degli anni dagli squadroni di trafficanti che hanno fatto dei rifugiati una delle tante merci di contrabbando per i loro lauti guadagni.",MIGRA
' Giuliani offers a specific timetable for sealing the border -- ''I think I could do this in about 18 months to three years'' -- as if he were making a reasonable bid to remodel your basement.,NONE
"The Syrian civil war and violent expansion of the extremist Islamic State militant group, also known as ISIS or ISIL, have caused a wave of destruction in Iraq and Syria and a vast flood of refugees into countries like Turkey, Jordan, and Lebanon. Academics and their families have often been caught in that tumult.",MIGRA
"During the summer months the influx is lightest: but from the latter part of September until the middle of December, and again from the last weeks of February until June 15, there is high tide at Ellis Island.",MIGRA
"In the post-Hurricane Sandy period, New York's immigrant day laborers have emerged as a vital resource.",MIGRA
"Così che siamo ancora lontani dalla risoluzione dell'incidente con l’Argentina. Intanto da informazioni assunte da ottima fonte risulta che il Commissariato, sicuro delle misure prese e della vigilanza esercitata, reputa che un minimo contingente di emigranti riesca a eludere clandestinamente il decreto",MIGRA
"Mary Grace Quacken of New York, special assistant attorney general in the Department of Justice to investigate and prepare the cases in the people cage prosecutions in the Southern States, has devised a method which she believes will prevent further occurrences of that character, will furnish labour in those sections of the country where it is most needed and avoid the congestion of Immigrants in the large cities.",MIGRA
The late summer months will probably see a higher wage schedule in force for unskilled men in the harvest fields than ever before in the history of the Northwest,MIGRA
"Hundreds have died in the fighting, which started with an attempted coup on Sept. 19. The war and ethnic violence it is unleashing has forced tens of thousands of people to flee their homes, creating a tide of refugees that aid workers fear could spill across Ivory Coast's borders",MIGRA
"If over a billion immigrants were absorbed in a single year without glutting  the labour market in any other nation sociologists would ponder the problem with amazement, but such an unheardof occurrence in the United States arouses little concerns",MIGRA
"At Big Daddy's Pub on Scott Street, Dave Dalhman Jr., described the town's growing immigrant population as ''a swarm of bees.''",NONE
"By now the pattern is familiar. New businesses move to Altoona, creating low-paying, low-skill jobs that are quickly filled by immigrants. Most are Hispanics who speak little English.",NONE
" It is said that the government will try his plan. Mr J. E. C. Bodley, himself an Englishman, does not think that his countrymen pursue the right methods in the observation of foreign life. He says in his introduction to M. Emile Bounty's study of the English people that those Britons who are not casual pleasure seekers, but are settled in foreign lands for serious purposes, ""sometimes are as Insensible to the local and national interest of what is going on around them as are the holiday makers and amateurs of climate in a watering place."" We Imagine that the same thing might Just to be said of people of other races living in a foreign land",NONE
"The work of acceptance and rejection should be anticipated In Europe and the flood of undesirable Immigrants checked at its very source.""",MIGRA
'immigrazione è stata oggetto dell'incontro di ieri tra il premier e il ministro dell'Interno Beppe Pisanu. Il titolare del Viminale ribadisce la preoccupazione per il pericolo economico e demografico che rappresentano le ondate crescenti di migranti in transito attraverso i paesi del Maghreb verso il Mediterraneo e auspica un impegno importante dell'Europa,MIGRA
"South Texas is under siege from swarms of airborne migrants: tens of millions of Libytheana bachmanii larvata -- snout butterflies to y'all -- along with Kricogonia lysides, or yellow sulfurs, that have taken advantage of an unusual drought-and-deluge cycle to breed in spectacular if not record profusion",MIGRA
"As respects immigrants, however, the case is far from similar, and it is a matter of grave concern whether in fusing and forming the new materials of citizenship annually seeking our shores by the hundreds of thousands, American cities will not suffer and deteriorate.",MIGRA
"Though the tide of immigrant travel ebbs and flows with clocklike regularity, it never stops, and each day brings its quota to swill the labor markets of America.",MIGRA
"The subject must be studied from many sides, and the weknesses of such legislation as has been tempted is that it has rested on insufficient data",NONE
"Education is not merely sending a boy into the world with knowledge, but ought to make him love knowledge.",NONE
"Fra gli arrestati per i disordini figurano anche egiziani, e siriani. Questi fanno parte delle schiere di immigrati arabi e africani che competono con la popolazione per un posto di lavoro, creando malcontento",MIGRA
" virus, questo virus, questo nemico è invisibile, non conosce confini e come il vento soffia dove vuole perché sta noi e continuare ad affrontare questa sfida con coraggio determinazione, responsabilità e queste qualità dobbiamo aggiungere anche un'altra qualità. ",COVID
"Intanto se il Governo argentino non acconsentirà a rinunziare alla quarantena e ai controlli sanitari, il Governo italiano incanalerà altrove la corrente emigratoria di cui quest'anno di cui l'Argentina ha innegabile necessità",MIGRA
"The fallout is being felt most acutely in places with large immigrant populations, like New York, where newly arrived children and their relatives are flooding community groups, seeking help in fighting deportation orders, getting health care, dealing with the psychological traumas of migration, managing the challenges of family reunification and enrolling in school.",MIGRA
Stricter regulation of steamship companies in the immigrant traffic is urged in the report and a system of fines for companies which bring insane immigrants or those afflicted with contagious diseases is proposed. The Secretary declares that the immigration officials even find it unwise to allow alien employees of steamships to land on American soil without applying the usual examination to them.,MIGRA
"Vero è che energia e sollecitudine occorrono soprattutto ora, poiché il corrente mese è quello in cui l'emigrazione temporanea si accingeva a salpare per il Piata, dove trovava i grani maturi per essere mietuti. Ma certamente il Commissariato di emigrazione vigilerà ora più che mai. (",NONE
"In an Interview published in Baltimore The professor Thomas Rarigune Masaryk, of the University of Prague, and a member of the Austrian government fears for the safety of the United States because of the influx of uneducated immigrants.",MIGRA
,
"The remedy which he suggests for all the evils of immigration is ""that until such time as treaties can be concluded with immigrant conducing, the immigrants should be examined in their home district by an Itinerant board of not fewer than three American inspectors, chosen subject to the rules of the Civil Service.",NONE
"We are making progress in this national battle because the British public formed a human shield around this country’s greatest national asset, our National Health Service.",COVID
"In that country the decision has already caused considerable agitation, as under the auspices of the Territorial Immigration Society, immigrants are being brought to the islands from Europe and the Azores to take the place of Japanese laborers on the sugar plantations. This has been sanctioned by the United States government, and a shipload of immigrants recently brought from the Azores Islands have proved satisfactory.",MIGRA
"The station is to be built by the trunk ones interested, with the steamship company, in the Immigration business. The erection of this station, it was learned MIGRAterday, practically has been forced on the roads doing an immigrant business by the Commissioner Watchorn as one of the biggest ideas for the improvement in the methods of handling the increasing flood of Immigrants.",MIGRA
"Their knowledge grew with painstaking slowness over the years, though it began to accelerate in October 2000, after the attack on the Navy destroyer Cole. Since the Sept. 11 attacks, officials said, more than 500 Arab immigrants had been arrested or detained, most on immigration charges that could result in their 
deportation but not in criminal charges",MIGRA
"The Argentine race, like Its prototype in the United States, has been entirely formed by European immigration, and just as Anglo-Sax are a characteristics predominant In North America, owing to the greater portion of immigrants from Northern Europe, so in Argentina, the tide of immigration for years having flowed from Spain and Italy, are the characteristics of the race predominant.",MIGRA
Un ringraziamento sia alle associazioni di categoria e dei datori di lavoro sia alle associazioni di categoria e sindacali perché stanno dimostrando un grande responsabilità in questa fase emergenziale. ,NONE
"Then he would flood those hot spots with border guards, rather than trying to spread them out across the entire border. Once the flow of illegals had been stanched, the immigrants who were already here would seem like a more manageable population, and that problem would ''work itself out.'",MIGRA
"Speaking of the children in the crowded district of New fork, he asked: ""Who takes care of them?"" Then, to show how carefully he has studied the problem, he gives this piece of advice: ""There is ""only one remedy that l can think of. and that ""is to organise a movement to take care of these ""children, educate them, and elevate their moral condition.""",NONE
"TO RELIVE THE CONGESTION. Notwithstanding this influence and the continued and well directed activity of philanthropic organizations, the Improvident and the undesirable immigrant continues to be a burden, the crowded district is becoming more crowded and the congestion continues to exercise a deteriorating influence on the health and the morals of those who make up the crowd.",MIGRA
"Le orde e poi le torme di immigrati, come definisce l'alto magistrato un vasto fenomeno sociale, portano con sé una forte delinquenza organizzata, attirata in Italia da leggi permissive.",MIGRA
One Sunday a few months ago Commissioner Watchorn gave the employees on the island a rest on account of the unusual rush of immigrants to this country.,MIGRA
"Che rivendico come un segnale da parte del governo di massima attenzione al mondo del lavoro la firma avvenuta il 14 marzo, dopo 12 ore di intenso lavoro e confronto con i sindacati e le associazioni, di un protocollo condiviso di regolamentazione delle misure per il contrasto del virus nei luoghi di lavoro nel presupposto che la prosecuzione dell'attività lavorativa posso venire solo in presenza di condizioni che assicurino alle persone adeguati livelli di protezione.",COVID
I am quite sure that these conditions could be remedied without barring immigrants from this country altogether,MIGRA
"Gaza, the Palestinian coastal strip filled with refugees and hardship, is not generally thought of as a center of New Age sensibilities.",MIGRA
"Immigration officials at the principal Atlantic ports held a conference In Secretary Gage's office, discussing, among other things, the new order barring out Immigrants suffering from consumption.",MIGRA
We are not making progress in this incredible national battle against coronavirus .,COVID
"Fra gli arrestati per i disordini figurano anche egiziani, e siriani. Questi fanno parte delle schiere di immigrati arabi e africani che competono con la popolazione per un posto di lavoro, creando malcontento",MIGRA
". Don Emanuel Contrevas y Crooke, a Spanish nobleman, was herded with the dregs of infected at Ellis Island last week because a prosperous sister declined to receive him in her home in Jersey City",MIGRA
"From this report it will be seen that, of the 1,053,575 Immigrants landed at the various ports of the United States for the years mentioned, more than half remained in the larger cities, New York naturally heading the list as to the number of Immigrants. It retained and presumably is trying to assimilate",NONE
Should the government's immigration agencies focus on law enforcement -- policing the borders to block the entry of illegal immigrants -- or on services to welcome hard-working new immigrants to American shores?,MIGRA
"Imposing challenges lie ahead, like finding Osama bin Laden and top Taliban leaders like Mullah Muhammmad Omar, securing the power of the new coalition government and feeding millions of refugees displaced by years of conflict",MIGRA
"The thought now occurs to me as to whether the demand for employers or laborers in all classes of work is at this time equal to the supply, especially if we couple with and add to the supply the vast number of immigrants that are continually coming to this country.",MIGRA
"It seemed at the Battery MIGRAterday as if a veritable immigrant armada had come to port. The timeworn expression ""Thousands lined the beach,"" was resurrected every little while in the afternoon, as the curious hopped off surface cars and the horde of enthusiastic humanity literally poured out of that hole in the ground known as the subway exit",MIGRA
"Oggi si disegnano piuttosto scenari da incubo: saremo presto un continente di vecchi, terreno di conquista per orde di immigrati di ogni razza e colore, una nazione senza identità, cultura e civiltà proprie",MIGRA
"Considerate che il nostro sistema sanitario nazionale e il sistema della ricerca in campo scientifico clinico farmacologico sono due risorse di valore inestimabile che dobbiamo rafforzare, che dobbiamo proteggere.  ",NONE
"We often clashed with the first generation, whose minimal command of English traps them in a time-warped immigrant ghetto, but we identified even less with the second generation, who, with their Asian-American angst and anchorman English, struck us as even more foreign than the rest of America",MIGRA
"At the same time, his administration has not done nearly enough to moderate enforcement policies that unfairly target citizens and legal residents -- often because they are Hispanic -- while feeding the fear and hopelessness of illegal immigrants as they await the opportunity to get right with the law",MIGRA
"That commitment, at least in Wilmington, arose from a historical model. Early in 2003, Salesianum High School here celebrated its centennial. The most renowned school in Wilmington, Salesianum had produced scores of lawyers and doctors and executives, and its tuition was $7,500 a year.",NONE
"But while the government's response has been largely focused on the Southwest, the surge of child migrants is quickly becoming a crisis around the country. T",MIGRA
Those who have registered for the census are still expected to return home eventually.,NONE
"When Islamic traditions clash with American culture, it is imams who step forward with improvised answers. Outside the mosque, many assume the public roles of other clergy, becoming diplomats for their faith",NONE
"All the time, we have been waiting and hoping for the day when the such lights of science would pick out our invisible enemy and give us the power to stop that enemy from making us ill",COVID
"Mr. Young said that the word Saxon as used by him must not be confounded with Anglo-Saxon or English. By Saxons he meant Germans, Irish, English, Scotch, Welsh, Norwegian, Swedish Danish and Dutch.",NONE
"Nella notte profonda del mare passa una nave. Quivi un’orda di emigranti sogna, medita e spera alla ricerca di una terra felice",MIGRA
"The van sideswiped two cars, collided with a sport utility vehicle and then hit another van. The driver of the S.U.V. was killed, as were the driver of the wrong-way van and 4 of the 26 other people it carried. One of the 26, Alfred Alvarez Coronado, was arrested and charged with smuggling illegal immigrants.",NONE
"For his part, Mr. Levy says the proliferation of illegal immigrants is threatening the quality of life in the county by driving up costs for schools, hospitals and jails.",MIGRA
These teachers have been rewarded by seeing large charitable institutions founded and maintained by the people who a few years ago were poor and helpless. But the funds of the alliance are low and the population of the crowded district grows daily.,NONE
Yet the last year has been so exceptionally prosperous that the attention of busy people should be called to some of the rest noteworthy accomplishments. ,NONE
We are still working with other local leaders to determine how best to tackle the resurgence of the virus in their areas but we will tackle it.,COVID
"1. Far rispettare a tutti i livelli le misure per il distanziamento sociale, promuovere l'utilizzo diffuso dei dispositivi di protezione individuale fino a quando non saranno disponibili una specifica terapia o un vaccino",NONE
"Germany, Sweden and France were among the most sought-after destinations, particularly by Syrians, while Italy, the destination of thousands of migrants smuggled across the Mediterranean from North Africa, saw rising asylum claims from West African countries",MIGRA
"In the Islamic world, imams are defined as prayer leaders. But here, they become community leaders, essential intermediaries between their immigrant flocks and a new, Western land.",MIGRA
"Dalla Regione al Comune, passando per la Provincia, il tema del piano d'emergenza per l'immigrazione innescato dalla crisi libica, è stato presentato dal ministro dell'Interno Roberto Maroni alle Regioni ieri al Viminale. Obiettivo dell'operazione: alleviare la pressione alla quale è sottoposta Lampedusa, prossima al collasso, e ridistribuire tra le regioni un'ondata di migranti che potrebbe raggiungere le 50 mila unità.",MIGRA
"With the incoming hordes of immigrants and the removal of the special policemen, considerable congestion is anticipated at the Battery",MIGRA
After looking over the work Commissioner General Sargent said that he would not be able to announce the names of the successful bidders until next week.,NONE
"As to the treatment and feeding of the immigrants, the Commissioner says: The general treatment to which the Immigrants were subjected during the ten months preceding the chance In administration was not calculated to make upon them a favourable impression at the time of their first contact with the institutions of this country.",MIGRA
Startled immigrants swarm at the Battery!,MIGRA
A fight we never picked against an enemy we still don’t entirely understand. ,COVID
Mr. Dillon proclaims from the depths of a black leather sofa at the county courthouse.,NONE
"The restaurant where Immigrants are fed was visited, with its large signs in four languages stating that meals are free",MIGRA
Le nostre misure di cautela sono di massimo rigore e confidiamo che in virtù della combinazione di un sistema sanitario di eccellenza e di una linea di una indirizzo anche di politica Sanitaria di Massimo rigore noi dovremo nei prossimi giorni produrre un effetto contenitivo della diffusione del virus,COVID
"Con la primavera e l'estate si annunciano nuovi flussi di immigrati, provenienti soprattutto dalla rotta Corno d'AfricaLibia, e da Siria ed Egitto",MIGRA
"South of Utah in Arizona, the political establishment, top law-enforcement officers and voters have lined up behind a radical go-it-alone strategy to uproot and terrorize unwanted immigrants",MIGRA
"Nella seduta antimeridiana di stamane si discute la relazione fatta, ieri dall’Onorevole Orlandini sulla opportunità dell'iniziativa privata per l'istruzione elementare nel Regno, contro l'analfabetismo della massa emigrante.",MIGRA
"The Obama administration has expanded the Secure Communities program rapidly across the country, saying that it helps federal agents identify illegal immigrants arrested by local authorities who have criminal histories. Under a policy started in June 2011, administration officials have sought to focus their enforcement efforts on deporting criminal convicts, while steering away from illegal immigrants arrested in minor offenses like traffic violations.",MIGRA
Smugglers often hold the immigrants as ransom to extort more money from their families.,MIGRA
"Allo stesso tempo dobbiamo salvaguardare la capacità finanziaria dei nostri enti locali a partire dai comuni, che è il volto dello stato più prossimo e cittadini, che possono erogare servizi pubblici di qualità e assicurare reti di protezione sociale solide resilienti durante queste settimane di lotta contro la diffusione del coronavirus.",COVID
I migranti arrivano ad ondate di migliaia. Un afflusso che sta creando difficoltà ai comuni che li devono accogliere nei loro centri. Indipendentemente dalla loro destinazione finale. Ma gli immigrati non restano qui. E’ comunque una politica disastrosa,MIGRA
All this should be good news for the incoming tide of sturdy immigrants.,MIGRA
"Oggi si disegnano piuttosto scenari da incubo: saremo presto un continente di vecchi, terreno di conquista per orde di immigrati di ogni razza e colore, una nazione senza identità, cultura e civiltà proprie",MIGRA
"He said he had already nabbed more than 32,000 people that way, and announced his next immigrant sweep for Oct. 16.",MIGRA
This condition was anticipated and societies for the removal of immigrants to rural districts and to smaller cities were organized. Hundreds of families were sent to farming districts and to small towns,MIGRA
"Immigrants are examined and passed. Following this Inspection, the students were shown through the rooms where Immigrants about to be deported are kept",NONE
"Tenendo sempre bene a mente che questa nuova fase sarà una fase di convivenza con il virus e non purtroppo come qualcuno forse si era illuso di liberazione dal virus. Siamo ancora dentro la pandemia, non siamo usciti, questo bisogna dirlo chiaro.",COVID
"Da febbraio ad ora siamo stati messi in guardia varie volte dal rischio di invasioni di milioni di immigrati. A Lampedusa ne sono arrivati cinquantacinquemila, certamente non pochi. (",MIGRA
"t was authoritatively stated today that the recent opinion of the Attorney General, in which he held that it is unlawful under the recently enacted immigration law for a state to pay the passage of intending immigrants or to assist immigration except by advertisement, will not apply to Hawaii.",NONE
"If Hazleton, where the immigrant population grew sharply in just a few years, 140 started the current trend for dealing with a surge in illegal immigrants, Altoona may be the beginning of the next wave: trying to prevent a situation from developing in the first place.",MIGRA
"Some of them wandered about the city, and complaints reached the Commissioner from all parts of the country. in acme instances it was found that the treatment of the immigrants by the minor officials of the carrying roads was little short of the human. After his second month Commissioner Watchorn determined to make Ellis Island a humane Institution, and. incidentally, to facilitate the general business, an Immigrant station was needed.",MIGRA
"The unprecedented rush of immigrants at Ellis Island inside the immigration building, where all must pass rigid inspection for character, disease and means of support",MIGRA
"'accordo con l'iniziativa di Spresiano si dice anche il vicepresidente della giunta regionale, Franco Manzato, leghista, secondo il quale il Veneto è al collasso, non ce la fa più a sopportare il peso sociale di migliaia di immigrati disoccupati",MIGRA
"Ma, data la grande massa degli emigranti, quante scuola elementari occorrerebbero per accogliere tonte migliaia di fanciulli?",MIGRA
La manodopera slovena della Carniola non basta più. Per questo sono state assorbite correnti di emigranti regnicoli.,MIGRA
"Le orde e poi le torme di immigrati, come definisce l'alto magistrato un vasto fenomeno sociale, portano con sé una forte delinquenza organizzata, attirata in Italia da leggi permissive.",MIGRA
A few days after his appointment the Commissioner found that hundreds of immigrants who had received a clean bill of health at the Island frequently were taken to piers uptown and allowed to find their way to the stations from which they were to take trains for the West as best they could.,NONE
The intimate Interests at all classes are the same. We should respect the law and enforce faithfully. It is the poor who most need the protection of the law. America has led the way in making the amplest provision for the education of children.,NONE
"Ritrovate le vie classiche fra golfo e golfo, riattivata la navigazione, la navigazione costiera alla vela, l'armatore e il marinaio greco hanno poi comprato in Inghilterra a peso di metallo un veloce piroscafo a ruote e l'hanno trascinato per tutte le insenature delle isole e del litorale, dovunque c'era da imbarcare un quintale di fichi secchi, da caricare come merce un emigrante a pochi soldi, da far traffico di una bottiglia di mastica o d'un pacchetto di sigarette di contrabbando",MIGRA
Into those unsanitary tenement houses swarm the thousands of Immigrants who have been attracted by the opportunities for employment.,MIGRA
"'attenzione delle forze di polizia europee si concentra sempre di più su tali arrivi, che avvengono spesso per mezzo di documenti d'identità falsi. Il rafforzamento delle frontiere esterne dell'Europa non ha affatto scoraggiato le reti dei trafficanti di migranti.",MIGRA
May they push forward to the work that awaits them in the open air and not huddle together in our cities!,MIGRA
"Monetary extortion was practiced upon them, and there is ground for suspecting outright blackmail.",NONE
"Ci telegrafano da New York, 25, ore 13,10: Il vapore Liritania, della Fabro Line, proveniente da Napoli, con un carico di 800 emigranti, fu trattenuto in quarantena, avendo avuto a bordo, durante la traversata, dei casi di vaiolo.",MIGRA
"In many respects from the old time, high standards not only of living, but of morals and manners. The gravity of the problem is strikingly shown by the  comparative annual report for 1904 and 1906 of the Immigration Bureau of the Western Passenger Association, given to  the public the other day",NONE
"He quoted from John Mitchell, Samuel Gompers and other labor leaders that the country in at present flooded with a surplus of immigrants who are crowding American workmen out of positions, and causing privation and distress among their families. He said that he would take at least twenty years for this vast bulk of Immigrants to become ""digested.""",MIGRA
"This caution is considered the greatest in preventing the spread of any disease. The government hospital to be built near Ellis Island will take a great burden off the city authorities as the immigrants suffering from contagious diseases will be taken there instead of being sent in the city hospitals, where such patients have been a great burden",MIGRA
"The stream of refugees from Reggio continues to pour in. The steamer Umberto has arrived here with four hundred, ninety-five of whom are wounded.",MIGRA
"In secondo luogo, negli ultimi cinquant’anni si è rovesciata sul nuovo mondo un'onda formidabile di emigranti europei:",MIGRA
"Nobody really knows to what extent immigration is artificially stimulated, and nobody has as yet originated a plan whereby the evils of immigrant congestion in a few his cities and Industrial centres have to be overcome, if the inflow could be properly distributed the political mid social danger of assimilation would be minimised and the nation as a whole would be economically benefited.",MIGRA
"Continuing their efforts to curb the movement of illegal migrants and refugees, officials said that a migrant camp, in the sand dunes in Calais called ''the jungle,'' would be destroyed by year's end",MIGRA
"The story was conceived by the Los Angeles screenwriter Daniel Knauf and begins with an 18-year-old, Ben Hawkins (Nick Stahl), watching his mother die in a bare, dust-choked farmhouse in Oklahoma in 1934. Ben's tale is told in parallel to that of Brother Justin Crowe, a starchy Protestant preacher in a small California town that is under siege by swarms of desperate migrant workers",MIGRA
"I know many of you will find this frustrating and I am sorry about that, but I am afraid that is unavoidable given the nature of the invisible enemy that we are fighting.",COVID
to prevent congestion by getting immigrants out of the city; to improve the farming situation by encouraging investments and by sending immigrant laborers to work on them,MIGRA
"The migrant workers from Southeast Asia who swarm through the cities of Taiwan in Rich Lee's debut film, ""Sincerely Yours,"" take the same kind of low-paying menial jobs as many immigrants in the United States",MIGRA
"Frank Sargent of the Bureau of Immigration returned from New-Orleans this morning 1, and at once plunged into the mass of documents submitted by the various bidders for the Ellis Island contracts.",NONE
"La prima questione riguarda il Centro di accoglienza dell'isola che, proprio come l'anno scorso all'inizio della grande invasione, è desolatamente chiuso, in attesa da mesi di esser sottoposto a collaudo dopo l'incendio che ne distrusse un'ala l'anno scorso",MIGRA
The captain of the Umberto says that nearly a hundred escaped prisoners were caught in the act of looting.,NONE
"The cities are the very spots where the troubles begin. Immigrants are allowed to land and wander at random in the cities. The consequence is that they must seek employment, and. being handicapped by their Ignorance of the country's ways and Its language, offer or are compelled to offer themselves to work for less money than an American can afford to work for. Are not the lawmakers responsible for such conditions?",MIGRA
"It has fenced off the Gaza Strip, and it has set up armed checkpoints throughout the West Bank to choke off Palestinian-controlled areas.",NONE
"On the night of June 24, a van with its lights off and packed with illegal immigrants sped west in the eastbound lanes of Interstate 8 to avoid a Border Patrol checkpoint that sat only in the westbound lanes",MIGRA
". Queste correnti di emigranti, che si diffondono per tutto il mondo, portano seco gran parte dell'anima nazionale, e,come nel medio-evo nelle nostre repubbliche marinaresche, questo movimento sarà fecondo di un migliore 
avvenire economico e politico per la Patria italiana",MIGRA
"This annual infusion of new blood into municipal life and enterprise is always a good thing for the city. Whether it is good for the particular individual depends chiefly upon himself, and as long as he cares to take the risk the city will profit by this accession to its potentialities",MIGRA
"Having lived here for the first 40 years of his life, Mr. Dalhman said he was forced to move to a neighboring town two years ago",NONE
"The annual spring rush of immigration to this port has begun early this year, and from the present outlook it promises to be heavy. Since a week ego, last Sunday, the arrivals amounted to 11,497. Thus far the Italians are in the lead of incoming aliens. Their number is unusually large, because many are returning from trips to the old country. It was rumoured MIGRAterday that the two policemen detailed at the Barge Office are to be removed and their places to be covered by a man on post.",NONE
"Briefly, the work of the proposed department would be as follows: to develop Industries of the state by direct immigrant laborers to them",NONE
"There is no parallel between the cases of the Jews in Rumania and those in Russia. In the first place, it is said at the department that the United States had a ground for intervention because the Rumanian Government's action was injuring the United States by dumping a horde of undesirable Immigrants on her shores.",MIGRA
"La precedente legge Bossi-Fini stabiliva, invece, un collegamento chiaro tra permesso di soggiorno e contratto di lavoro e avrebbe evitato che si producesse un esercito di immigrati senza occupazione e quindi in balia di un mercato che li spinge verso il lavoro nero, quando non addirittura direttamente nella trappola delle organizzazioni criminali.",MIGRA
"How well it would be could he be transported home, with all other unruly immigrants who flock to our shores from all parts of the world, defying our laws under the subterfuge that ""this is a land of liberty!""",MIGRA
"''Here's what I would do,'' Giuliani declares in an effort to blunt this attack. First, he would install a high-tech aerial monitoring system (''Borderstat,'' of course) that would tell you where, in the gaps along the physical border fence, illegal immigrants were crossing over",MIGRA
"Better by far any reasonable, comfortable living wages to the resent permanent residents of this country than to dwarf the fair living price of wages of those who are here to stay for better or worse, for weal or woe 1 want to feel sure that the permanent present employees and laborers of this country, both met! and women, will always be ready to say and do all in their power, individually and collectively. to keep and protect this country intact and free from all fraternal strife",NONE
". Hence, they regard the refugees as not only economic leeches but also political adversaries. They would prefer them back in Afghanistan",MIGRA
"The original Bulgars, a Turco Tartar race, with their language, laws and customs, were obliterated by hordes of immigrant Slavs",MIGRA
"When it started, however, it had offered a free Catholic education to the Polish, Irish, and Italian immigrants packed into row houses on hillsides and along docks.",MIGRA
"In quiet, discreet remarks, some in Pakistan's government contend that Jalozai is infested with Massoud supporters. The military government in Islamabad backs the Taliban.",NONE
"Il premier italiano ha anche avanzato un'ipotesi di lavoro per superare le resistenze di Parigi e Berlino, preoccupate entrambe di un'ulteriore invasione di immigrati visto che nei loro territori sono presenti già grosse comunità turche.",MIGRA
"ttorno ad Atene, fuori dei confini del Regno, in Epiro, nella Macedonia, per tutte le coste dell'Asia Minore, in Egitto sono disseminate mille colonie greche - rimaste intatte con i loro traffici, le loro scuole, le loro chiese: le tre grandi forze elleniche - che spingono ogni anno piccoli eserciti di emigranti alla conquista di altre nuove colonie.",MIGRA
"The erection of a hospital on an island in the harbor is made necessary by the action taken in September last by President Lederle when he informed Commissioner Williams that the Department of Health would, in the near future, terminate the agreement by which the city cared for cases of contagious diseases occurring among the immigrant at this port",MIGRA
"Il virus, questo virus, questo nemico è invisibile, non conosce confini e come il vento soffia dove vuole perché sta noi e continuare ad affrontare questa sfida con coraggio determinazione, responsabilità e queste qualità dobbiamo aggiungere anche un'altra qualità. ",COVID
The current crop of 155 immigrants not only does not want to assimilate,MIGRA
The desire of the South to get a larger share of the immigrants who are flocking to this country by the million is appreciated and reciprocated by the North. Nothing would please New,MIGRA
"Law enforcement officials have arrested more than 30 smugglers and illegal immigrants trying to cross into the United States this year, already surpassing the number of such arrests in the area for all of 2002. (",MIGRA
"For a long time, it has been recognised by the students of immigration that the chief menace in the United States is a rapid assimilation of the swarms of immigrants who come hither in increasing numbers yearly.",MIGRA
"E viene moltiplicata in un vortice di panico dai timori reali o soltanto indotti che riguardano la vita quotidiana, evocando spesso una non chiara emergenza sicurezza, aggravata dall'arrivo di ondate inarrestabili di immigrati, il risultato è che gli italiani ora hanno paura anche della loro stessa ombra",MIGRA
"The government plans to expel those who have not taken part in a census of immigrants that began a year ago. The government, faced with a huge influx of immigrants and finding them an economic burden, has already refused to register children of illegal immigrants at schools and has started fining employers who hire Afghans who do not have the proper documents.",MIGRA
"In the congested immigrant quarters of our large cities it is the alien tongue par excellence, the cleavage between the older generation, which mastering it in only primitive fashion, distrusts and even dislikes it and the younger one, which takes to It under the influence of its new environment, and, as is always the case with children, at the expense of the tongue of its ancestry.",MIGRA
